STT,Mô tả sản phẩm,Số lượng,Đơn giá,Thành tiền
1,"Sản phẩm kiểm thử 1",11,200.31,2203.41
2,"Sản phẩm kiểm thử 2",94,378.46,35575.24
3,"Sản phẩm kiểm thử 3",15,550.13,8251.95
4,"Sản phẩm kiểm thử 4",54,692.99,37421.46
5,"Sản phẩm kiểm thử 5",14,63.48,888.72
6,"Sản phẩm kiểm thử 6",52,103.07,5359.64
7,"Sản phẩm kiểm thử 7",98,950.17,93116.66
8,"Sản phẩm kiểm thử 8",88,134.70,11853.60
9,"Sản phẩm kiểm thử 9",49,560.67,27472.83
10,"Sản phẩm kiểm thử 10",55,437.71,24074.05
11,"Sản phẩm kiểm thử 11",2,879.01,1758.02
12,"Sản phẩm kiểm thử 12",26,112.09,2914.34
13,"Sản phẩm kiểm thử 13",46,373.82,17195.72
14,"Sản phẩm kiểm thử 14",40,372.14,14885.60
15,"Sản phẩm kiểm thử 15",16,186.81,2988.96
16,"Sản phẩm kiểm thử 16",86,977.07,84028.02
17,"Sản phẩm kiểm thử 17",71,520.52,36956.92
18,"Sản phẩm kiểm thử 18",63,846.73,53343.99
19,"Sản phẩm kiểm thử 19",49,154.95,7592.55
20,"Sản phẩm kiểm thử 20",52,240.31,12496.12
